"Tempo","Temperatura"
15.0050,293.1
15.0100,293.1
15.0150,293.0
15.0200,293.0
15.0250,293.1
15.0300,293.0
15.0350,293.0
15.0400,293.0
15.0450,293.0
15.0500,293.0
15.0550,293.0
15.0600,293.0
15.0650,293.0
15.0700,293.0
15.0750,293.0
15.0800,293.0
15.0850,293.0
15.0900,293.0
15.0950,293.0
15.1000,293.1
15.1050,293.0
15.1100,293.0
15.1150,293.0
15.1200,293.0
15.1250,293.0
15.1300,293.0
15.1350,293.0
15.1400,293.0
15.1450,293.0
15.1500,293.0
15.1550,293.0
15.1600,293.0
15.1650,293.0
15.1700,293.0
15.1750,293.0
15.1800,293.0
15.1850,293.0
15.1900,293.0
15.1950,293.0
15.2000,293.0
15.2050,293.0
15.2100,293.0
15.2150,292.9
15.2200,293.0
15.2250,292.9
15.2300,293.0
15.2350,292.9
15.2400,293.0
15.2450,293.0
15.2500,292.9
15.2550,292.9
15.2600,292.9
15.2650,292.9
15.2700,292.9
15.2750,292.9
15.2800,292.9
15.2850,292.9
15.2900,292.9
15.2950,292.9
15.3000,292.9
15.3050,292.9
15.3100,292.9
15.3150,292.9
15.3200,292.9
15.3250,292.9
15.3300,292.9
15.3350,292.9
15.3400,292.9
15.3450,292.9
15.3500,292.9
15.3550,292.9
15.3600,292.9
15.3650,292.9
15.3700,292.9
15.3750,292.9
15.3800,292.9
15.3850,292.9
15.3900,292.9
15.3950,292.9
15.4000,292.9
15.4050,292.9
15.4100,292.9
15.4150,292.9
15.4200,292.9
15.4250,292.9
15.4300,292.9
15.4350,292.9
15.4400,292.9
15.4450,292.9
15.4500,292.9
15.4550,292.9
15.4600,292.9
15.4650,292.9
15.4700,292.9
15.4750,292.9
15.4800,292.9
15.4850,292.9
15.4900,292.9
15.4950,292.9
15.5000,292.9
15.5050,292.9
15.5100,292.9
15.5150,292.9
15.5200,292.9
15.5250,292.8
15.5300,292.8
15.5350,292.9
15.5400,292.8
15.5450,292.9
15.5500,292.8
15.5550,292.8
15.5600,292.8
15.5650,292.8
15.5700,292.8
15.5750,292.8
15.5800,292.8
15.5850,292.8
15.5900,292.8
15.5950,292.8
15.6000,292.8
15.6050,292.8
15.6100,292.8
15.6150,292.8
15.6200,292.8
15.6250,292.8
15.6300,292.8
15.6350,292.8
15.6400,292.8
15.6450,292.8
15.6500,292.8
15.6550,292.8
15.6600,292.8
15.6650,292.8
15.6700,292.8
15.6750,292.8
15.6800,292.8
15.6850,292.8
15.6900,292.8
15.6950,292.8
15.7000,292.8
15.7050,292.8
15.7100,292.8
15.7150,292.8
15.7200,292.8
15.7250,292.8
15.7300,292.8
15.7350,292.8
15.7400,292.8
15.7450,292.8
15.7500,292.8
15.7550,292.8
15.7600,292.8
15.7650,292.8
15.7700,292.8
15.7750,292.8
15.7800,292.8
15.7850,292.8
15.7900,292.8
15.7950,292.7
15.8000,292.7
15.8050,292.8
15.8100,292.8
15.8150,292.8
15.8200,292.7
15.8250,292.8
15.8300,292.7
15.8350,292.8
15.8400,292.7
15.8450,292.7
15.8500,292.7
15.8550,292.8
15.8600,292.7
15.8650,292.7
15.8700,292.7
15.8750,292.7
15.8800,292.7
15.8850,292.7
15.8900,292.7
15.8950,292.7
15.9000,292.7
15.9050,292.7
15.9100,292.7
15.9150,292.7
15.9200,292.7
15.9250,292.7
15.9300,292.7
15.9350,292.7
15.9400,292.7
15.9450,292.7
15.9500,292.7
15.9550,292.7
15.9600,292.7
15.9650,292.7
15.9700,292.7
15.9750,292.7
15.9800,292.7
15.9850,292.7
15.9900,292.7
15.9950,292.7
16.0000,292.7
16.0050,292.7
16.0100,292.7
16.0150,292.7
16.0200,292.6
16.0250,292.7
16.0300,292.7
16.0350,292.6
16.0400,292.6
16.0450,292.7
16.0500,292.7
16.0550,292.7
16.0600,292.6
16.0650,292.6
16.0700,292.7
16.0750,292.7
16.0800,292.6
16.0850,292.6
16.0900,292.6
16.0950,292.7
16.1000,292.6
16.1050,292.7
16.1100,292.6
16.1150,292.6
16.1200,292.6
16.1250,292.6
16.1300,292.6
16.1350,292.6
16.1400,292.6
16.1450,292.6
16.1500,292.6
16.1550,292.6
16.1600,292.6
16.1650,292.6
16.1700,292.6
16.1750,292.6
16.1800,292.6
16.1850,292.6
16.1900,292.6
16.1950,292.6
16.2000,292.6
16.2050,292.6
16.2100,292.6
16.2150,292.6
16.2200,292.6
16.2250,292.6
16.2300,292.6
16.2350,292.6
16.2400,292.6
16.2450,292.6
16.2500,292.6
16.2550,292.6
16.2600,292.6
16.2650,292.6
16.2700,292.6
16.2750,292.6
16.2800,292.6
16.2850,292.6
16.2900,292.6
16.2950,292.6
16.3000,292.6
16.3050,292.6
16.3100,292.6
16.3150,292.6
16.3200,292.6
16.3250,292.6
16.3300,292.6
16.3350,292.6
16.3400,292.6
16.3450,292.6
16.3500,292.6
16.3550,292.6
16.3600,292.6
16.3650,292.6
16.3700,292.6
16.3750,292.6
16.3800,292.6
16.3850,292.6
16.3900,292.6
16.3950,292.6
16.4000,292.6
16.4050,292.6
16.4100,292.6
16.4150,292.6
16.4200,292.6
16.4250,292.6
16.4300,292.6
16.4350,292.6
16.4400,292.6
16.4450,292.5
16.4500,292.6
16.4550,292.5
16.4600,292.6
16.4650,292.6
16.4700,292.6
16.4750,292.5
16.4800,292.6
16.4850,292.6
16.4900,292.6
16.4950,292.5
16.5000,292.5
16.5050,292.5
16.5100,292.6
16.5150,292.6
16.5200,292.5
16.5250,292.5
16.5300,292.5
16.5350,292.5
16.5400,292.6
16.5450,292.5
16.5500,292.5
16.5550,292.5
16.5600,292.5
16.5650,292.5
16.5700,292.5
16.5750,292.5
16.5800,292.5
16.5850,292.5
16.5900,292.6
16.5950,292.5
16.6000,292.5
16.6050,292.5
16.6100,292.5
16.6150,292.5
16.6200,292.5
16.6250,292.5
16.6300,292.5
16.6350,292.5
16.6400,292.5
16.6450,292.5
16.6500,292.5
16.6550,292.5
16.6600,292.5
16.6650,292.5
16.6700,292.5
16.6750,292.5
16.6800,292.5
16.6850,292.5
16.6900,292.5
16.6950,292.5
16.7000,292.5
16.7050,292.5
16.7100,292.5
16.7150,292.5
16.7200,292.5
16.7250,292.5
16.7300,292.5
16.7350,292.5
16.7400,292.5
16.7450,292.5
16.7500,292.5
16.7550,292.5
16.7600,292.5
16.7650,292.5
16.7700,292.4
16.7750,292.4
16.7800,292.5
16.7850,292.5
16.7900,292.4
16.7950,292.4
16.8000,292.4
16.8050,292.4
16.8100,292.5
16.8150,292.4
16.8200,292.4
16.8250,292.4
16.8300,292.4
16.8350,292.4
16.8400,292.4
16.8450,292.4
16.8500,292.4
16.8550,292.4
16.8600,292.4
16.8650,292.4
16.8700,292.4
16.8750,292.4
16.8800,292.4
16.8850,292.4
16.8900,292.4
16.8950,292.4
16.9000,292.4
16.9050,292.4
16.9100,292.4
16.9150,292.4
16.9200,292.4
16.9250,292.4
16.9300,292.4
16.9350,292.4
16.9400,292.4
16.9450,292.4
16.9500,292.4
16.9550,292.4
16.9600,292.4
16.9650,292.4
16.9700,292.4
16.9750,292.4
16.9800,292.4
16.9850,292.4
16.9900,292.4
16.9950,292.4
17.0000,292.4
17.0050,292.4
17.0100,292.4
17.0150,292.4
17.0200,292.4
17.0250,292.4
17.0300,292.4
17.0350,292.4
17.0400,292.4
17.0450,292.3
17.0500,292.4
17.0550,292.3
17.0600,292.4
17.0650,292.3
17.0700,292.4
17.0750,292.3
17.0800,292.4
17.0850,292.4
17.0900,292.3
17.0950,292.3
17.1000,292.4
17.1050,292.3
17.1100,292.4
17.1150,292.3
17.1200,292.3
17.1250,292.3
17.1300,292.3
17.1350,292.3
17.1400,292.3
17.1450,292.3
17.1500,292.3
17.1550,292.3
17.1600,292.3
17.1650,292.3
17.1700,292.3
17.1750,292.3
17.1800,292.3
17.1850,292.3
17.1900,292.3
17.1950,292.3
17.2000,292.3
17.2050,292.3
17.2100,292.3
17.2150,292.3
17.2200,292.3
17.2250,292.3
17.2300,292.3
17.2350,292.3
17.2400,292.3
17.2450,292.3
17.2500,292.3
17.2550,292.3
17.2600,292.3
17.2650,292.3
17.2700,292.3
17.2750,292.3
17.2800,292.3
17.2850,292.3
17.2900,292.3
17.2950,292.3
17.3000,292.3
17.3050,292.3
17.3100,292.3
17.3150,292.3
17.3200,292.3
17.3250,292.3
17.3300,292.3
17.3350,292.3
17.3400,292.3
17.3450,292.3
17.3500,292.3
17.3550,292.3
17.3600,292.3
17.3650,292.3
17.3700,292.3
17.3750,292.3
17.3800,292.3
17.3850,292.3
17.3900,292.3
17.3950,292.3
17.4000,292.3
17.4050,292.3
17.4100,292.3
17.4150,292.3
17.4200,292.3
17.4250,292.3
17.4300,292.3
17.4350,292.3
17.4400,292.3
17.4450,292.3
17.4500,292.3
17.4550,292.3
17.4600,292.3
17.4650,292.3
17.4700,292.3
17.4750,292.3
17.4800,292.3
17.4850,292.3
17.4900,292.3
17.4950,292.3
17.5000,292.3
17.5050,292.3
17.5100,292.3
17.5150,292.3
17.5200,292.3
17.5250,292.3
17.5300,292.3
17.5350,292.3
17.5400,292.2
17.5450,292.3
17.5500,292.2
17.5550,292.3
17.5600,292.2
17.5650,292.2
17.5700,292.3
17.5750,292.2
17.5800,292.2
17.5850,292.3
17.5900,292.2
17.5950,292.2
17.6000,292.2
17.6050,292.2
17.6100,292.2
17.6150,292.2
17.6200,292.2
17.6250,292.2
17.6300,292.2
17.6350,292.2
17.6400,292.2
17.6450,292.2
17.6500,292.2
17.6550,292.2
17.6600,292.2
17.6650,292.2
17.6700,292.2
17.6750,292.2
17.6800,292.2
17.6850,292.2
17.6900,292.2
17.6950,292.2
17.7000,292.2
17.7050,292.2
17.7100,292.2
17.7150,292.2
17.7200,292.2
17.7250,292.2
17.7300,292.2
17.7350,292.2
17.7400,292.2
17.7450,292.2
17.7500,292.2
17.7550,292.1
17.7600,292.2
17.7650,292.1
17.7700,292.2
17.7750,292.2
17.7800,292.1
17.7850,292.1
17.7900,292.1
17.7950,292.1
17.8000,292.2
17.8050,292.1
17.8100,292.1
17.8150,292.1
17.8200,292.1
17.8250,292.1
17.8300,292.1
17.8350,292.1
17.8400,292.1
17.8450,292.1
17.8500,292.1
17.8550,292.1
17.8600,292.1
17.8650,292.1
17.8700,292.1
17.8750,292.2
17.8800,292.1
17.8850,292.1
17.8900,292.1
17.8950,292.1
17.9000,292.1
17.9050,292.1
17.9100,292.1
17.9150,292.1
17.9200,292.1
17.9250,292.1
17.9300,292.1
17.9350,292.1
17.9400,292.1
17.9450,292.1
17.9500,292.1
17.9550,292.1
17.9600,292.1
17.9650,292.1
17.9700,292.1
17.9750,292.1
17.9800,292.1
17.9850,292.1
17.9900,292.1
17.9950,292.1
18.0000,292.1
18.0050,292.1
18.0100,292.1
18.0150,292.1
18.0200,292.1
18.0250,292.1
18.0300,292.1
18.0350,292.1
18.0400,292.1
18.0450,292.1
18.0500,292.1
18.0550,292.1
18.0600,292.1
18.0650,292.1
18.0700,292.1
18.0750,292.1
18.0800,292.1
18.0850,292.1
18.0900,292.1
18.0950,292.1
18.1000,292.1
18.1050,292.1
18.1100,292.1
18.1150,292.1
18.1200,292.1
18.1250,292.1
18.1300,292.1
18.1350,292.1
18.1400,292.1
18.1450,292.1
18.1500,292.1
18.1550,292.1
18.1600,292.1
18.1650,292.1
18.1700,292.1
18.1750,292.1
18.1800,292.1
18.1850,292.1
18.1900,292.1
18.1950,292.1
18.2000,292.1
18.2050,292.0
18.2100,292.1
18.2150,292.1
18.2200,292.1
18.2250,292.1
18.2300,292.1
18.2350,292.1
18.2400,292.1
18.2450,292.1
18.2500,292.0
18.2550,292.1
18.2600,292.0
18.2650,292.0
18.2700,292.0
18.2750,292.1
18.2800,292.0
18.2850,292.0
18.2900,292.0
18.2950,292.0
18.3000,292.1
18.3050,292.0
18.3100,292.0
18.3150,292.1
18.3200,292.0
18.3250,292.0
18.3300,292.0
18.3350,292.0
18.3400,292.0
18.3450,292.0
18.3500,292.0
18.3550,292.0
18.3600,292.0
18.3650,292.0
18.3700,292.0
18.3750,292.0
18.3800,292.0
18.3850,292.0
18.3900,292.0
18.3950,292.0
18.4000,292.0
18.4050,292.0
18.4100,292.0
18.4150,292.0
18.4200,292.0
18.4250,292.0
18.4300,292.0
18.4350,292.0
18.4400,292.0
18.4450,292.0
18.4500,292.0
18.4550,292.0
18.4600,292.0
18.4650,292.0
18.4700,292.0
18.4750,292.0
18.4800,292.0
18.4850,292.0
18.4900,292.0
18.4950,292.0
18.5000,292.0
18.5050,292.0
18.5100,292.0
18.5150,292.0
18.5200,292.0
18.5250,292.0
18.5300,292.0
18.5350,292.0
18.5400,292.0
18.5450,292.0
18.5500,292.0
18.5550,292.0
18.5600,292.0
18.5650,292.0
18.5700,292.0
18.5750,292.0
18.5800,292.0
18.5850,292.0
18.5900,292.0
18.5950,292.0
18.6000,292.0
18.6050,292.0
18.6100,292.0
18.6150,292.0
18.6200,292.0
18.6250,292.0
18.6300,292.0
18.6350,292.0
18.6400,292.0
18.6450,292.0
18.6500,292.0
18.6550,292.0
18.6600,292.0
18.6650,292.0
18.6700,292.0
18.6750,292.0
18.6800,292.0
18.6850,292.0
18.6900,292.0
18.6950,292.0
18.7000,292.0
18.7050,292.0
18.7100,292.0
18.7150,292.0
18.7200,292.0
18.7250,292.0
18.7300,292.0
18.7350,292.0
18.7400,292.0
18.7450,292.0
18.7500,292.0
18.7550,292.0
18.7600,292.0
18.7650,292.0
18.7700,292.0
18.7750,292.0
18.7800,292.0
18.7850,292.0
18.7900,292.0
18.7950,292.0
18.8000,292.0
18.8050,292.0
18.8100,291.9
18.8150,291.9
18.8200,292.0
18.8250,292.0
18.8300,291.9
18.8350,292.0
18.8400,292.0
18.8450,292.0
18.8500,291.9
18.8550,292.0
18.8600,292.0
18.8650,292.0
18.8700,291.9
18.8750,291.9
18.8800,292.0
18.8850,291.9
18.8900,292.0
18.8950,291.9
18.9000,291.9
18.9050,291.9
18.9100,291.9
18.9150,291.9
18.9200,292.0
18.9250,291.9
18.9300,291.9
18.9350,291.9
18.9400,291.9
18.9450,291.9
18.9500,291.9
18.9550,291.9
18.9600,291.9
18.9650,291.9
18.9700,291.9
18.9750,291.9
18.9800,291.9
18.9850,291.9
18.9900,291.9
18.9950,291.9
19.0000,291.9
19.0050,291.9
19.0100,291.9
19.0150,291.9
19.0200,291.9
19.0250,291.9
19.0300,291.9
19.0350,291.9
19.0400,291.9
19.0450,291.9
19.0500,291.9
19.0550,291.9
19.0600,291.9
19.0650,291.9
19.0700,291.9
19.0750,291.9
19.0800,291.9
19.0850,291.9
19.0900,291.9
19.0950,291.9
19.1000,291.9
19.1050,291.9
19.1100,291.9
19.1150,291.9
19.1200,291.9
19.1250,291.9
19.1300,291.9
19.1350,291.9
19.1400,291.9
19.1450,291.9
19.1500,291.9
19.1550,291.9
19.1600,291.9
19.1650,291.9
19.1700,291.9
19.1750,291.9
19.1800,291.9
19.1850,291.9
19.1900,291.9
19.1950,291.9
19.2000,291.9
19.2050,291.9
19.2100,291.9
19.2150,291.9
19.2200,291.9
19.2250,291.9
19.2300,291.9
19.2350,291.9
19.2400,291.9
19.2450,291.8
19.2500,291.9
19.2550,291.9
19.2600,291.8
19.2650,291.9
19.2700,291.9
19.2750,291.9
19.2800,291.9
19.2850,291.9
19.2900,291.9
19.2950,291.8
19.3000,291.9
19.3050,291.8
19.3100,291.9
19.3150,291.8
19.3200,291.8
19.3250,291.8
19.3300,291.9
19.3350,291.8
19.3400,291.8
19.3450,291.8
19.3500,291.8
19.3550,291.8
19.3600,291.8
19.3650,291.8
19.3700,291.8
19.3750,291.8
19.3800,291.8
19.3850,291.8
19.3900,291.8
19.3950,291.8
19.4000,291.8
19.4050,291.8
19.4100,291.8
19.4150,291.8
19.4200,291.8
19.4250,291.8
19.4300,291.8
19.4350,291.8
19.4400,291.8
19.4450,291.8
19.4500,291.8
19.4550,291.8
19.4600,291.8
19.4650,291.8
19.4700,291.8
19.4750,291.8
19.4800,291.8
19.4850,291.8
19.4900,291.8
19.4950,291.8
19.5000,291.8
19.5050,291.8
19.5100,291.8
19.5150,291.8
19.5200,291.8
19.5250,291.8
19.5300,291.8
19.5350,291.8
19.5400,291.8
19.5450,291.8
19.5500,291.8
19.5550,291.8
19.5600,291.8
19.5650,291.8
19.5700,291.8
19.5750,291.8
19.5800,291.8
19.5850,291.8
19.5900,291.8
19.5950,291.8
19.6000,291.8
19.6050,291.8
19.6100,291.8
19.6150,291.8
19.6200,291.8
19.6250,291.8
19.6300,291.8
19.6350,291.8
19.6400,291.8
19.6450,291.8
19.6500,291.8
19.6550,291.8
19.6600,291.8
19.6650,291.8
19.6700,291.8
19.6750,291.8
19.6800,291.8
19.6850,291.8
19.6900,291.8
19.6950,291.8
19.7000,291.8
19.7050,291.8
19.7100,291.8
19.7150,291.7
19.7200,291.8
19.7250,291.8
19.7300,291.8
19.7350,291.7
19.7400,291.8
19.7450,291.8
19.7500,291.7
19.7550,291.7
19.7600,291.8
19.7650,291.8
19.7700,291.8
19.7750,291.7
19.7800,291.8
19.7850,291.8
19.7900,291.7
19.7950,291.7
19.8000,291.7
19.8050,291.7
19.8100,291.8
19.8150,291.7
19.8200,291.7
19.8250,291.7
19.8300,291.7
19.8350,291.7
19.8400,291.7
19.8450,291.7
19.8500,291.8
19.8550,291.7
19.8600,291.7
19.8650,291.7
19.8700,291.8
19.8750,291.7
19.8800,291.7
19.8850,291.7
19.8900,291.7
19.8950,291.7
19.9000,291.7
19.9050,291.7
19.9100,291.7
19.9150,291.7
19.9200,291.7
19.9250,291.7
19.9300,291.7
19.9350,291.7
19.9400,291.7
19.9450,291.7
19.9500,291.7
19.9550,291.7
19.9600,291.7
19.9650,291.7
19.9700,291.7
19.9750,291.7
19.9800,291.7
19.9850,291.7
19.9900,291.7
19.9950,291.7
20.0000,291.7
20.0050,291.7
20.0100,291.7
20.0150,291.7
20.0200,291.7
20.0250,291.7
20.0300,291.7
20.0350,291.7
20.0400,291.7
20.0450,291.7
20.0500,291.7
20.0550,291.7
20.0600,291.7
20.0650,291.7
20.0700,291.7
20.0750,291.7
20.0800,291.7
20.0850,291.7
20.0900,291.7
20.0950,291.7
20.1000,291.7
20.1050,291.7
20.1100,291.7
20.1150,291.7
20.1200,291.7
20.1250,291.7
20.1300,291.7
20.1350,291.7
20.1400,291.7
20.1450,291.7
20.1500,291.7
20.1550,291.7
20.1600,291.7
20.1650,291.7
20.1700,291.7
20.1750,291.7
20.1800,291.7
20.1850,291.7
20.1900,291.7
20.1950,291.7
20.2000,291.7
20.2050,291.7
20.2100,291.7
20.2150,291.7
20.2200,291.7
20.2250,291.7
20.2300,291.7
20.2350,291.7
20.2400,291.7
20.2450,291.7
20.2500,291.7
20.2550,291.7
20.2600,291.7
20.2650,291.7
20.2700,291.7
20.2750,291.7
20.2800,291.7
20.2850,291.7
20.2900,291.7
20.2950,291.7
20.3000,291.7
20.3050,291.7
20.3100,291.7
20.3150,291.7
20.3200,291.7
20.3250,291.7
20.3300,291.7
20.3350,291.7
20.3400,291.7
20.3450,291.7
20.3500,291.7
20.3550,291.7
20.3600,291.7
20.3650,291.7
20.3700,291.7
20.3750,291.6
20.3800,291.6
20.3850,291.7
20.3900,291.6
20.3950,291.7
20.4000,291.7
20.4050,291.6
20.4100,291.7
20.4150,291.7
20.4200,291.6
20.4250,291.7
20.4300,291.7
20.4350,291.6
20.4400,291.6
20.4450,291.6
20.4500,291.6
20.4550,291.7
20.4600,291.6
20.4650,291.6
20.4700,291.7
20.4750,291.7
20.4800,291.6
20.4850,291.7
20.4900,291.7
20.4950,291.6
20.5000,291.7
20.5050,291.6
20.5100,291.7
20.5150,291.6
20.5200,291.6
20.5250,291.6
20.5300,291.6
20.5350,291.7
20.5400,291.6
20.5450,291.6
20.5500,291.6
20.5550,291.6
20.5600,291.6
20.5650,291.6
20.5700,291.6
20.5750,291.6
20.5800,291.7
20.5850,291.6
20.5900,291.6
20.5950,291.6
20.6000,291.6
20.6050,291.6
20.6100,291.6
20.6150,291.6
20.6200,291.6
20.6250,291.6
20.6300,291.6
20.6350,291.6
20.6400,291.6
20.6450,291.6
20.6500,291.6
20.6550,291.6
20.6600,291.6
20.6650,291.6
20.6700,291.6
20.6750,291.6
20.6800,291.6
20.6850,291.6
20.6900,291.6
20.6950,291.6
20.7000,291.6
20.7050,291.6
20.7100,291.6
20.7150,291.6
20.7200,291.6
20.7250,291.6
20.7300,291.6
20.7350,291.6
20.7400,291.6
20.7450,291.6
20.7500,291.6
20.7550,291.6
20.7600,291.6
20.7650,291.6
20.7700,291.6
20.7750,291.6
20.7800,291.6
20.7850,291.6
20.7900,291.6
20.7950,291.6
20.8000,291.6
20.8050,291.6
20.8100,291.6
20.8150,291.6
20.8200,291.6
20.8250,291.6
20.8300,291.6
20.8350,291.6
20.8400,291.6
20.8450,291.6
20.8500,291.6
20.8550,291.6
20.8600,291.6
20.8650,291.6
20.8700,291.6
20.8750,291.6
20.8800,291.6
20.8850,291.6
20.8900,291.6
20.8950,291.6
20.9000,291.6
20.9050,291.6
20.9100,291.6
20.9150,291.6
20.9200,291.6
20.9250,291.6
20.9300,291.6
20.9350,291.6
20.9400,291.6
20.9450,291.6
20.9500,291.6
20.9550,291.6
20.9600,291.6
20.9650,291.6
20.9700,291.5
20.9750,291.6
20.9800,291.6
20.9850,291.6
20.9900,291.6
20.9950,291.6
21.0000,291.6
21.0050,291.6
21.0100,291.6
21.0150,291.5
21.0200,291.6
21.0250,291.6
21.0300,291.6
21.0350,291.6
21.0400,291.6
21.0450,291.6
21.0500,291.6
21.0550,291.6
21.0600,291.5
21.0650,291.6
21.0700,291.5
21.0750,291.6
21.0800,291.5
21.0850,291.5
21.0900,291.5
21.0950,291.5
21.1000,291.5
21.1050,291.6
21.1100,291.6
21.1150,291.5
21.1200,291.5
21.1250,291.5
21.1300,291.5
21.1350,291.5
21.1400,291.5
21.1450,291.5
21.1500,291.5
21.1550,291.5
21.1600,291.5
21.1650,291.5
21.1700,291.5
21.1750,291.5
21.1800,291.5
21.1850,291.5
21.1900,291.5
21.1950,291.5
21.2000,291.6
21.2050,291.5
21.2100,291.5
21.2150,291.5
21.2200,291.5
21.2250,291.5
21.2300,291.5
21.2350,291.5
21.2400,291.5
21.2450,291.5
21.2500,291.5
21.2550,291.5
21.2600,291.5
21.2650,291.5
21.2700,291.5
21.2750,291.5
21.2800,291.5
21.2850,291.5
21.2900,291.5
21.2950,291.5
21.3000,291.5
21.3050,291.5
21.3100,291.5
21.3150,291.5
21.3200,291.5
21.3250,291.5
21.3300,291.5
21.3350,291.5
21.3400,291.5
21.3450,291.5
21.3500,291.5
21.3550,291.5
21.3600,291.5
21.3650,291.5
21.3700,291.5
21.3750,291.5
21.3800,291.5
21.3850,291.5
21.3900,291.5
21.3950,291.5
21.4000,291.5
21.4050,291.5
21.4100,291.5
21.4150,291.5
21.4200,291.5
21.4250,291.5
21.4300,291.5
21.4350,291.5
21.4400,291.5
21.4450,291.5
21.4500,291.4
21.4550,291.5
21.4600,291.5
21.4650,291.5
21.4700,291.5
21.4750,291.5
21.4800,291.4
21.4850,291.5
21.4900,291.5
21.4950,291.5
21.5000,291.5
21.5050,291.5
21.5100,291.5
21.5150,291.5
21.5200,291.5
21.5250,291.5
21.5300,291.5
21.5350,291.5
21.5400,291.5
21.5450,291.5
21.5500,291.4
21.5550,291.5
21.5600,291.4
21.5650,291.4
21.5700,291.4
21.5750,291.5
21.5800,291.4
21.5850,291.5
21.5900,291.5
21.5950,291.5
21.6000,291.4
21.6050,291.5
21.6100,291.4
21.6150,291.5
21.6200,291.5
21.6250,291.4
21.6300,291.4
21.6350,291.4
21.6400,291.4
21.6450,291.4
21.6500,291.4
21.6550,291.4
21.6600,291.4
21.6650,291.4
21.6700,291.4
21.6750,291.4
21.6800,291.4
21.6850,291.4
21.6900,291.4
21.6950,291.5
21.7000,291.4
21.7050,291.4
21.7100,291.4
21.7150,291.4
21.7200,291.4
21.7250,291.4
21.7300,291.4
21.7350,291.4
21.7400,291.4
21.7450,291.4
21.7500,291.4
21.7550,291.5
21.7600,291.4
21.7650,291.4
21.7700,291.4
21.7750,291.4
21.7800,291.4
21.7850,291.4
21.7900,291.4
21.7950,291.4
21.8000,291.4
21.8050,291.4
21.8100,291.4
21.8150,291.4
21.8200,291.4
21.8250,291.4
21.8300,291.4
21.8350,291.4
21.8400,291.4
21.8450,291.4
21.8500,291.4
21.8550,291.4
21.8600,291.4
21.8650,291.4
21.8700,291.4
21.8750,291.4
21.8800,291.4
21.8850,291.4
21.8900,291.4
21.8950,291.4
21.9000,291.4
21.9050,291.4
21.9100,291.4
21.9150,291.4
21.9200,291.4
21.9250,291.4
21.9300,291.4
21.9350,291.4
21.9400,291.4
21.9450,291.4
21.9500,291.4
21.9550,291.4
21.9600,291.4
21.9650,291.4
21.9700,291.4
21.9750,291.4
21.9800,291.4
21.9850,291.4
21.9900,291.4
21.9950,291.4
22.0000,291.4
22.0050,291.4
22.0100,291.4
22.0150,291.4
22.0200,291.4
22.0250,291.4
22.0300,291.4
22.0350,291.4
22.0400,291.4
22.0450,291.4
22.0500,291.4
22.0550,291.4
22.0600,291.4
22.0650,291.4
22.0700,291.4
22.0750,291.4
22.0800,291.4
22.0850,291.4
22.0900,291.4
22.0950,291.4
22.1000,291.4
22.1050,291.4
22.1100,291.4
22.1150,291.4
22.1200,291.4
22.1250,291.4
22.1300,291.4
22.1350,291.4
22.1400,291.4
22.1450,291.4
22.1500,291.4
22.1550,291.4
22.1600,291.4
22.1650,291.4
22.1700,291.4
22.1750,291.4
22.1800,291.4
22.1850,291.4
22.1900,291.4
22.1950,291.4
22.2000,291.4
22.2050,291.4
22.2100,291.4
22.2150,291.4
22.2200,291.4
22.2250,291.4
22.2300,291.4
22.2350,291.4
22.2400,291.4
22.2450,291.4
22.2500,291.4
22.2550,291.4
22.2600,291.4
22.2650,291.4
22.2700,291.4
22.2750,291.4
22.2800,291.4
22.2850,291.4
22.2900,291.4
22.2950,291.4
22.3000,291.4
22.3050,291.4
22.3100,291.4
22.3150,291.4
22.3200,291.4
22.3250,291.4
22.3300,291.4
22.3350,291.4
22.3400,291.4
22.3450,291.4
22.3500,291.4
22.3550,291.4
22.3600,291.4
22.3650,291.4
22.3700,291.4
22.3750,291.4
22.3800,291.4
22.3850,291.4
22.3900,291.4
22.3950,291.4
22.4000,291.4
22.4050,291.4
22.4100,291.4
22.4150,291.4
22.4200,291.4
22.4250,291.4
22.4300,291.4
22.4350,291.4
22.4400,291.4
22.4450,291.4
22.4500,291.4
22.4550,291.4
22.4600,291.4
22.4650,291.4
22.4700,291.4
22.4750,291.4
22.4800,291.4
22.4850,291.4
22.4900,291.4
22.4950,291.4
22.5000,291.4
22.5050,291.4
22.5100,291.4
22.5150,291.4
22.5200,291.4
22.5250,291.4
22.5300,291.4
22.5350,291.4
22.5400,291.4
22.5450,291.4
22.5500,291.4
22.5550,291.4
22.5600,291.4
22.5650,291.4
22.5700,291.4
22.5750,291.4
22.5800,291.4
22.5850,291.4
22.5900,291.4
22.5950,291.4
22.6000,291.4
22.6050,291.4
22.6100,291.4
22.6150,291.4
22.6200,291.4
22.6250,291.4
22.6300,291.4
22.6350,291.4
22.6400,291.4
22.6450,291.4
22.6500,291.4
22.6550,291.3
22.6600,291.4
22.6650,291.3
22.6700,291.4
22.6750,291.3
22.6800,291.4
22.6850,291.4
22.6900,291.4
22.6950,291.3
22.7000,291.4
22.7050,291.3
22.7100,291.4
22.7150,291.3
22.7200,291.4
22.7250,291.3
22.7300,291.4
22.7350,291.3
22.7400,291.4
22.7450,291.3
22.7500,291.4
22.7550,291.3
22.7600,291.3
22.7650,291.4
22.7700,291.4
22.7750,291.4
22.7800,291.3
22.7850,291.3
22.7900,291.4
22.7950,291.3
22.8000,291.3
22.8050,291.3
22.8100,291.3
22.8150,291.3
22.8200,291.3
22.8250,291.3
22.8300,291.4
22.8350,291.3
22.8400,291.3
22.8450,291.3
22.8500,291.4
22.8550,291.3
22.8600,291.3
22.8650,291.3
22.8700,291.3
22.8750,291.3
22.8800,291.3
22.8850,291.3
22.8900,291.4
22.8950,291.4
22.9000,291.3
22.9050,291.3
22.9100,291.3
22.9150,291.3
22.9200,291.3
22.9250,291.3
22.9300,291.3
22.9350,291.3
22.9400,291.3
22.9450,291.3
22.9500,291.3
22.9550,291.3
22.9600,291.3
22.9650,291.3
22.9700,291.3
22.9750,291.3
22.9800,291.3
22.9850,291.3
22.9900,291.3
22.9950,291.3
23.0000,291.3
23.0050,291.3
23.0100,291.3
23.0150,291.3
23.0200,291.3
23.0250,291.3
23.0300,291.3
23.0350,291.3
23.0400,291.3
23.0450,291.3
23.0500,291.3
23.0550,291.3
23.0600,291.3
23.0650,291.3
23.0700,291.3
23.0750,291.3
23.0800,291.3
23.0850,291.3
23.0900,291.3
23.0950,291.3
23.1000,291.3
23.1050,291.3
23.1100,291.3
23.1150,291.3
23.1200,291.3
23.1250,291.3
23.1300,291.3
23.1350,291.3
23.1400,291.3
23.1450,291.3
23.1500,291.3
23.1550,291.3
23.1600,291.3
23.1650,291.3
23.1700,291.3
23.1750,291.3
23.1800,291.3
23.1850,291.3
23.1900,291.3
23.1950,291.3
23.2000,291.3
23.2050,291.3
23.2100,291.3
23.2150,291.3
23.2200,291.3
23.2250,291.3
23.2300,291.3
23.2350,291.3
23.2400,291.3
23.2450,291.3
23.2500,291.3
23.2550,291.3
23.2600,291.3
23.2650,291.3
23.2700,291.3
23.2750,291.3
23.2800,291.3
23.2850,291.3
23.2900,291.3
23.2950,291.2
23.3000,291.3
23.3050,291.3
23.3100,291.3
23.3150,291.3
23.3200,291.3
23.3250,291.3
23.3300,291.3
23.3350,291.3
23.3400,291.3
23.3450,291.3
23.3500,291.3
23.3550,291.3
23.3600,291.3
23.3650,291.3
23.3700,291.3
23.3750,291.3
23.3800,291.3
23.3850,291.3
23.3900,291.3
23.3950,291.3
23.4000,291.3
23.4050,291.3
23.4100,291.3
23.4150,291.3
23.4200,291.3
23.4250,291.3
23.4300,291.3
23.4350,291.2
23.4400,291.3
23.4450,291.3
23.4500,291.3
23.4550,291.2
23.4600,291.3
23.4650,291.3
23.4700,291.3
23.4750,291.2
23.4800,291.3
23.4850,291.3
23.4900,291.3
23.4950,291.2
23.5000,291.2
23.5050,291.3
23.5100,291.3
23.5150,291.2
23.5200,291.2
23.5250,291.3
23.5300,291.3
23.5350,291.2
23.5400,291.2
23.5450,291.2
23.5500,291.3
23.5550,291.2
23.5600,291.2
23.5650,291.2
23.5700,291.3
23.5750,291.2
23.5800,291.3
23.5850,291.2
23.5900,291.3
23.5950,291.2
23.6000,291.2
23.6050,291.2
23.6100,291.3
23.6150,291.2
23.6200,291.3
23.6250,291.2
23.6300,291.3
23.6350,291.2
23.6400,291.2
23.6450,291.2
23.6500,291.3
23.6550,291.2
23.6600,291.2
23.6650,291.2
23.6700,291.2
23.6750,291.2
23.6800,291.2
23.6850,291.2
23.6900,291.3
23.6950,291.2
23.7000,291.2
23.7050,291.2
23.7100,291.2
23.7150,291.2
23.7200,291.2
23.7250,291.2
23.7300,291.2
23.7350,291.2
23.7400,291.2
23.7450,291.2
23.7500,291.2
23.7550,291.2
23.7600,291.2
23.7650,291.2
23.7700,291.2
23.7750,291.2
23.7800,291.2
23.7850,291.2
23.7900,291.2
23.7950,291.2
23.8000,291.2
23.8050,291.2
23.8100,291.2
23.8150,291.2
23.8200,291.2
23.8250,291.2
23.8300,291.2
23.8350,291.2
23.8400,291.2
23.8450,291.2
23.8500,291.2
23.8550,291.2
23.8600,291.2
23.8650,291.2
23.8700,291.2
23.8750,291.2
23.8800,291.2
23.8850,291.2
23.8900,291.2
23.8950,291.2
23.9000,291.2
23.9050,291.2
23.9100,291.2
23.9150,291.2
23.9200,291.2
23.9250,291.2
23.9300,291.2
23.9350,291.2
23.9400,291.2
23.9450,291.2
23.9500,291.2
23.9550,291.2
23.9600,291.2
23.9650,291.2
23.9700,291.2
23.9750,291.2
23.9800,291.2
23.9850,291.2
23.9900,291.2
23.9950,291.2
24.0000,291.2
24.0050,291.2
24.0100,291.2
24.0150,291.2
24.0200,291.2
24.0250,291.2
24.0300,291.2
24.0350,291.2
24.0400,291.2
24.0450,291.2
24.0500,291.2
24.0550,291.2
24.0600,291.2
24.0650,291.2
24.0700,291.2
24.0750,291.2
24.0800,291.2
24.0850,291.2
24.0900,291.2
24.0950,291.2
24.1000,291.2
24.1050,291.2
24.1100,291.2
24.1150,291.2
24.1200,291.2
24.1250,291.2
24.1300,291.2
24.1350,291.2
24.1400,291.2
24.1450,291.2
24.1500,291.2
24.1550,291.2
24.1600,291.2
24.1650,291.2
24.1700,291.2
24.1750,291.2
24.1800,291.2
24.1850,291.2
24.1900,291.2
24.1950,291.2
24.2000,291.2
24.2050,291.2
24.2100,291.1
24.2150,291.2
24.2200,291.2
24.2250,291.2
24.2300,291.2
24.2350,291.2
24.2400,291.2
24.2450,291.2
24.2500,291.2
24.2550,291.2
24.2600,291.2
24.2650,291.2
24.2700,291.2
24.2750,291.2
24.2800,291.1
24.2850,291.1
24.2900,291.2
24.2950,291.2
24.3000,291.2
24.3050,291.2
24.3100,291.2
24.3150,291.2
24.3200,291.2
24.3250,291.2
24.3300,291.2
24.3350,291.1
24.3400,291.2
24.3450,291.1
24.3500,291.2
24.3550,291.2
24.3600,291.2
24.3650,291.1
24.3700,291.2
24.3750,291.2
24.3800,291.2
24.3850,291.1
24.3900,291.2
24.3950,291.1
24.4000,291.2
24.4050,291.1
24.4100,291.2
24.4150,291.1
24.4200,291.1
24.4250,291.1
24.4300,291.1
24.4350,291.1
24.4400,291.2
24.4450,291.1
24.4500,291.1
24.4550,291.1
24.4600,291.1
24.4650,291.2
24.4700,291.1
24.4750,291.1
24.4800,291.1
24.4850,291.1
24.4900,291.1
24.4950,291.1
24.5000,291.2
24.5050,291.1
24.5100,291.1
24.5150,291.1
24.5200,291.1
24.5250,291.1
24.5300,291.1
24.5350,291.1
24.5400,291.1
24.5450,291.1
24.5500,291.1
24.5550,291.1
24.5600,291.1
24.5650,291.1
24.5700,291.1
24.5750,291.1
24.5800,291.1
24.5850,291.1
24.5900,291.1
24.5950,291.1
24.6000,291.1
24.6050,291.1
24.6100,291.1
24.6150,291.1
24.6200,291.1
24.6250,291.1
24.6300,291.1
24.6350,291.1
24.6400,291.1
24.6450,291.1
24.6500,291.1
24.6550,291.2
24.6600,291.1
24.6650,291.1
24.6700,291.1
24.6750,291.1
24.6800,291.1
24.6850,291.1
24.6900,291.1
24.6950,291.1
24.7000,291.1
24.7050,291.1
24.7100,291.1
24.7150,291.1
24.7200,291.1
24.7250,291.1
24.7300,291.1
24.7350,291.1
24.7400,291.1
24.7450,291.1
24.7500,291.1
24.7550,291.1
24.7600,291.1
24.7650,291.1
24.7700,291.1
24.7750,291.1
24.7800,291.1
24.7850,291.1
24.7900,291.1
24.7950,291.1
24.8000,291.1
24.8050,291.1
24.8100,291.1
24.8150,291.1
24.8200,291.1
24.8250,291.1
24.8300,291.1
24.8350,291.1
24.8400,291.1
24.8450,291.1
24.8500,291.1
24.8550,291.1
24.8600,291.1
24.8650,291.1
24.8700,291.1
24.8750,291.1
24.8800,291.1
24.8850,291.1
24.8900,291.1
24.8950,291.1
24.9000,291.1
24.9050,291.1
24.9100,291.1
24.9150,291.1
24.9200,291.1
24.9250,291.1
24.9300,291.1
24.9350,291.1
24.9400,291.1
24.9450,291.1
24.9500,291.1
24.9550,291.1
24.9600,291.1
24.9650,291.1
24.9700,291.1
24.9750,291.1
24.9800,291.1
24.9850,291.1
24.9900,291.1
24.9950,291.1
25.0000,291.1
25.0050,291.1
25.0100,291.1
25.0150,291.1
25.0200,291.1
25.0250,291.1
25.0300,291.1
25.0350,291.1
25.0400,291.1
25.0450,291.1
25.0500,291.1
25.0550,291.1
25.0600,291.1
25.0650,291.1
25.0700,291.1
25.0750,291.1
25.0800,291.1
25.0850,291.1
25.0900,291.1
25.0950,291.1
25.1000,291.1
25.1050,291.1
25.1100,291.1
25.1150,291.1
25.1200,291.1
25.1250,291.1
25.1300,291.1
25.1350,291.1
25.1400,291.1
25.1450,291.1
25.1500,291.1
25.1550,291.1
25.1600,291.1
25.1650,291.1
25.1700,291.1
25.1750,291.1
25.1800,291.1
25.1850,291.1
25.1900,291.1
25.1950,291.1
25.2000,291.1
25.2050,291.1
25.2100,291.1
25.2150,291.1
25.2200,291.1
25.2250,291.1
25.2300,291.1
25.2350,291.1
25.2400,291.1
25.2450,291.1
25.2500,291.1
25.2550,291.1
25.2600,291.1
25.2650,291.1
25.2700,291.1
25.2750,291.1
25.2800,291.1
25.2850,291.1
25.2900,291.1
25.2950,291.1
25.3000,291.1
25.3050,291.1
25.3100,291.1
25.3150,291.1
25.3200,291.1
25.3250,291.1
25.3300,291.1
25.3350,291.1
25.3400,291.1
25.3450,291.1
25.3500,291.1
25.3550,291.1
25.3600,291.1
25.3650,291.1
25.3700,291.1
25.3750,291.1
25.3800,291.1
25.3850,291.1
25.3900,291.1
25.3950,291.1
25.4000,291.1
25.4050,291.1
25.4100,291.1
25.4150,291.1
25.4200,291.1
25.4250,291.1
25.4300,291.1
25.4350,291.1
25.4400,291.1
25.4450,291.1
25.4500,291.1
25.4550,291.1
25.4600,291.1
25.4650,291.1
25.4700,291.1
25.4750,291.1
25.4800,291.1
25.4850,291.1
25.4900,291.1
25.4950,291.1
25.5000,291.1
25.5050,291.1
25.5100,291.1
25.5150,291.1
25.5200,291.1
25.5250,291.1
25.5300,291.1
25.5350,291.1
25.5400,291.1
25.5450,291.1
25.5500,291.1
25.5550,291.1
25.5600,291.1
25.5650,291.1
25.5700,291.1
25.5750,291.1
25.5800,291.1
25.5850,291.1
25.5900,291.0
25.5950,291.1
25.6000,291.1
25.6050,291.1
25.6100,291.1
25.6150,291.1
25.6200,291.1
25.6250,291.1
25.6300,291.1
25.6350,291.1
25.6400,291.1
25.6450,291.1
25.6500,291.1
25.6550,291.1
25.6600,291.1
25.6650,291.1
25.6700,291.1
25.6750,291.1
25.6800,291.1
25.6850,291.1
25.6900,291.1
25.6950,291.1
25.7000,291.1
25.7050,291.1
25.7100,291.1
25.7150,291.1
25.7200,291.1
25.7250,291.1
25.7300,291.1
25.7350,291.1
25.7400,291.1
25.7450,291.1
25.7500,291.1
25.7550,291.1
25.7600,291.0
25.7650,291.0
25.7700,291.1
25.7750,291.1
25.7800,291.1
25.7850,291.1
25.7900,291.1
25.7950,291.1
25.8000,291.0
25.8050,291.1
25.8100,291.1
25.8150,291.1
25.8200,291.1
25.8250,291.1
25.8300,291.1
25.8350,291.1
25.8400,291.1
25.8450,291.1
25.8500,291.1
25.8550,291.1
25.8600,291.0
25.8650,291.1
25.8700,291.1
25.8750,291.1
25.8800,291.1
25.8850,291.1
25.8900,291.0
25.8950,291.1
25.9000,291.0
25.9050,291.0
25.9100,291.1
25.9150,291.1
25.9200,291.1
25.9250,291.0
25.9300,291.0
25.9350,291.0
25.9400,291.0
25.9450,291.0
25.9500,291.0
25.9550,291.1
25.9600,291.0
25.9650,291.1
25.9700,291.0
25.9750,291.1
25.9800,291.0
25.9850,291.0
25.9900,291.0
25.9950,291.0
26.0000,291.1
26.0050,291.0
26.0100,291.0
26.0150,291.0
26.0200,291.1
26.0250,291.1
26.0300,291.0
26.0350,291.0
26.0400,291.1
26.0450,291.1
26.0500,291.0
26.0550,291.0
26.0600,291.0
26.0650,291.0
26.0700,291.0
26.0750,291.0
26.0800,291.0
26.0850,291.0
26.0900,291.0
26.0950,291.0
26.1000,291.0
26.1050,291.0
26.1100,291.0
26.1150,291.0
26.1200,291.0
26.1250,291.0
26.1300,291.0
26.1350,291.0
26.1400,291.0
26.1450,291.1
26.1500,291.0
26.1550,291.0
26.1600,291.0
26.1650,291.1
26.1700,291.0
26.1750,291.0
26.1800,291.0
26.1850,291.0
26.1900,291.0
26.1950,291.0
26.2000,291.0
26.2050,291.0
26.2100,291.0
26.2150,291.0
26.2200,291.0
26.2250,291.0
26.2300,291.0
26.2350,291.0
26.2400,291.0
26.2450,291.0
26.2500,291.0
26.2550,291.0
26.2600,291.0
26.2650,291.0
26.2700,291.0
26.2750,291.0
26.2800,291.0
26.2850,291.0
26.2900,291.0
26.2950,291.0
26.3000,291.0
26.3050,291.0
26.3100,291.0
26.3150,291.0
26.3200,291.0
26.3250,291.0
26.3300,291.0
26.3350,291.0
26.3400,291.0
26.3450,291.0
26.3500,291.0
26.3550,291.0
26.3600,291.0
26.3650,291.0
26.3700,291.0
26.3750,291.0
26.3800,291.0
26.3850,291.0
26.3900,291.0
26.3950,291.0
26.4000,291.0
26.4050,291.0
26.4100,291.0
26.4150,291.0
26.4200,291.0
26.4250,291.0
26.4300,291.0
26.4350,291.0
26.4400,291.0
26.4450,291.0
26.4500,291.0
26.4550,291.0
26.4600,291.0
26.4650,291.0
26.4700,291.0
26.4750,291.0
26.4800,291.0
26.4850,291.0
26.4900,291.0
26.4950,291.0
26.5000,291.0
26.5050,291.0
26.5100,291.0
26.5150,291.0
26.5200,291.0
26.5250,291.0
26.5300,291.0
26.5350,291.0
26.5400,291.0
26.5450,291.0
26.5500,291.0
26.5550,291.0
26.5600,291.0
26.5650,291.0
26.5700,291.0
26.5750,291.0
26.5800,291.0
26.5850,291.0
26.5900,291.0
26.5950,291.0
26.6000,291.0
26.6050,291.0
26.6100,291.0
26.6150,291.0
26.6200,291.0
26.6250,291.0
26.6300,291.0
26.6350,291.0
26.6400,291.0
26.6450,291.0
26.6500,291.0
26.6550,291.0
26.6600,291.0
26.6650,291.0
26.6700,291.0
26.6750,291.0
26.6800,291.0
26.6850,291.0
26.6900,291.0
26.6950,291.0
26.7000,291.0
26.7050,291.0
26.7100,291.0
26.7150,291.0
26.7200,291.0
26.7250,291.0
26.7300,290.9
26.7350,291.0
26.7400,291.0
26.7450,291.0
26.7500,291.0
26.7550,291.0
26.7600,291.0
26.7650,291.0
26.7700,291.0
26.7750,291.0
26.7800,291.0
26.7850,291.0
26.7900,291.0
26.7950,291.0
26.8000,291.0
26.8050,291.0
26.8100,291.0
26.8150,291.0
26.8200,291.0
26.8250,291.0
26.8300,291.0
26.8350,291.0
26.8400,291.0
26.8450,291.0
26.8500,291.0
26.8550,291.0
26.8600,290.9
26.8650,291.0
26.8700,291.0
26.8750,291.0
26.8800,291.0
26.8850,291.0
26.8900,291.0
26.8950,291.0
26.9000,291.0
26.9050,291.0
26.9100,291.0
26.9150,291.0
26.9200,290.9
26.9250,291.0
26.9300,291.0
26.9350,291.0
26.9400,291.0
26.9450,291.0
26.9500,291.0
26.9550,291.0
26.9600,291.0
26.9650,291.0
26.9700,291.0
26.9750,291.0
26.9800,290.9
26.9850,291.0
26.9900,291.0
26.9950,291.0
27.0000,290.9
27.0050,291.0
27.0100,290.9
27.0150,291.0
27.0200,290.9
27.0250,290.9
27.0300,291.0
27.0350,291.0
27.0400,290.9
27.0450,291.0
27.0500,291.0
27.0550,291.0
27.0600,291.0
27.0650,291.0
27.0700,291.0
27.0750,291.0
27.0800,290.9
27.0850,291.0
27.0900,291.0
27.0950,290.9
27.1000,291.0
27.1050,291.0
27.1100,290.9
27.1150,291.0
27.1200,290.9
27.1250,291.0
27.1300,290.9
27.1350,290.9
27.1400,290.9
27.1450,291.0
27.1500,291.0
27.1550,290.9
27.1600,291.0
27.1650,290.9
27.1700,290.9
27.1750,291.0
27.1800,290.9
27.1850,290.9
27.1900,290.9
27.1950,290.9
27.2000,290.9
27.2050,290.9
27.2100,290.9
27.2150,290.9
27.2200,290.9
27.2250,291.0
27.2300,290.9
27.2350,290.9
27.2400,290.9
27.2450,290.9
27.2500,290.9
27.2550,290.9
27.2600,290.9
27.2650,290.9
27.2700,290.9
27.2750,290.9
27.2800,290.9
27.2850,290.9
27.2900,290.9
27.2950,291.0
27.3000,290.9
27.3050,290.9
27.3100,291.0
27.3150,290.9
27.3200,290.9
27.3250,290.9
27.3300,290.9
27.3350,290.9
27.3400,290.9
27.3450,290.9
27.3500,290.9
27.3550,290.9
27.3600,290.9
27.3650,290.9
27.3700,290.9
27.3750,290.9
27.3800,290.9
27.3850,290.9
27.3900,290.9
27.3950,290.9
27.4000,290.9
27.4050,290.9
27.4100,290.9
27.4150,290.9
27.4200,290.9
27.4250,290.9
27.4300,290.9
27.4350,290.9
27.4400,290.9
27.4450,290.9
27.4500,290.9
27.4550,290.9
27.4600,290.9
27.4650,290.9
27.4700,290.9
27.4750,290.9
27.4800,290.9
27.4850,290.9
27.4900,290.9
27.4950,290.9
27.5000,290.9
27.5050,290.9
27.5100,290.9
27.5150,290.9
27.5200,290.9
27.5250,290.9
27.5300,290.9
27.5350,290.9
27.5400,290.9
27.5450,290.9
27.5500,290.9
27.5550,290.9
27.5600,290.9
27.5650,290.9
27.5700,290.9
27.5750,290.9
27.5800,290.9
27.5850,290.9
27.5900,290.9
27.5950,290.9
27.6000,290.9
27.6050,290.9
27.6100,290.9
27.6150,290.9
27.6200,290.9
27.6250,290.9
27.6300,290.9
27.6350,290.9
27.6400,290.9
27.6450,290.9
27.6500,290.9
27.6550,290.9
27.6600,290.9
27.6650,290.9
27.6700,290.9
27.6750,290.9
27.6800,290.9
27.6850,290.9
27.6900,290.9
27.6950,290.9
27.7000,290.9
27.7050,290.9
27.7100,290.9
27.7150,290.9
27.7200,290.9
27.7250,290.9
27.7300,290.9
27.7350,290.9
27.7400,290.9
27.7450,290.9
27.7500,290.9
27.7550,290.9
27.7600,290.9
27.7650,290.9
27.7700,290.9
27.7750,290.9
27.7800,290.9
27.7850,290.9
27.7900,290.9
27.7950,290.9
27.8000,290.9
27.8050,290.9
27.8100,290.9
27.8150,290.9
27.8200,290.9
27.8250,290.9
27.8300,290.9
27.8350,290.9
27.8400,290.9
27.8450,290.9
27.8500,290.9
27.8550,290.9
27.8600,290.9
27.8650,290.9
27.8700,290.9
27.8750,290.9
27.8800,290.9
27.8850,290.9
27.8900,290.9
27.8950,290.9
27.9000,290.9
27.9050,290.9
27.9100,290.9
27.9150,290.9
27.9200,290.9
27.9250,290.9
27.9300,290.9
27.9350,290.9
27.9400,290.9
27.9450,290.9
27.9500,290.9
27.9550,290.9
27.9600,290.9
27.9650,290.9
27.9700,290.9
27.9750,290.9
27.9800,290.9
27.9850,290.9
27.9900,290.9
27.9950,290.9
28.0000,290.9
28.0050,290.9
28.0100,290.9
28.0150,290.9
28.0200,290.9
28.0250,290.9
28.0300,290.9
28.0350,290.9
28.0400,290.9
28.0450,290.9
28.0500,290.9
28.0550,290.9
28.0600,290.9
28.0650,290.9
28.0700,290.9
28.0750,290.9
28.0800,290.9
28.0850,290.9
28.0900,290.9
28.0950,290.9
28.1000,290.9
28.1050,290.9
28.1100,290.9
28.1150,290.9
28.1200,290.9
28.1250,290.9
28.1300,290.9
28.1350,290.9
28.1400,290.9
28.1450,290.9
28.1500,290.9
28.1550,290.9
28.1600,290.9
28.1650,290.9
28.1700,290.9
28.1750,290.9
28.1800,290.9
28.1850,290.9
28.1900,290.9
28.1950,290.9
28.2000,290.9
28.2050,290.9
28.2100,290.9
28.2150,290.9
28.2200,290.9
28.2250,290.9
28.2300,290.9
28.2350,290.9
28.2400,290.9
28.2450,290.9
28.2500,290.9
28.2550,290.9
28.2600,290.9
28.2650,290.9
28.2700,290.9
28.2750,290.9
28.2800,290.9
28.2850,290.9
28.2900,290.9
28.2950,290.8
28.3000,290.9
28.3050,290.9
28.3100,290.9
28.3150,290.9
28.3200,290.9
28.3250,290.9
28.3300,290.9
28.3350,290.9
28.3400,290.9
28.3450,290.9
28.3500,290.9
28.3550,290.9
28.3600,290.9
28.3650,290.9
28.3700,290.9
28.3750,290.9
28.3800,290.9
28.3850,290.9
28.3900,290.9
28.3950,290.9
28.4000,290.9
28.4050,290.9
28.4100,290.9
28.4150,290.9
28.4200,290.9
28.4250,290.9
28.4300,290.8
28.4350,290.9
28.4400,290.9
28.4450,290.9
28.4500,290.9
28.4550,290.9
28.4600,290.9
28.4650,290.9
28.4700,290.9
28.4750,290.9
28.4800,290.9
28.4850,290.9
28.4900,290.9
28.4950,290.9
28.5000,290.9
28.5050,290.9
28.5100,290.9
28.5150,290.9
28.5200,290.9
28.5250,290.9
28.5300,290.9
28.5350,290.9
28.5400,290.9
28.5450,290.8
28.5500,290.9
28.5550,290.8
28.5600,290.9
28.5650,290.9
28.5700,290.9
28.5750,290.8
28.5800,290.9
28.5850,290.9
28.5900,290.8
28.5950,290.9
28.6000,290.9
28.6050,290.8
28.6100,290.8
28.6150,290.9
28.6200,290.8
28.6250,290.8
28.6300,290.8
28.6350,290.9
28.6400,290.8
28.6450,290.9
28.6500,290.8
28.6550,290.9
28.6600,290.9
28.6650,290.8
28.6700,290.8
28.6750,290.9
28.6800,290.8
28.6850,290.8
28.6900,290.8
28.6950,290.9
28.7000,290.8
28.7050,290.8
28.7100,290.8
28.7150,290.9
28.7200,290.8
28.7250,290.8
28.7300,290.8
28.7350,290.8
28.7400,290.9
28.7450,290.8
28.7500,290.8
28.7550,290.8
28.7600,290.8
28.7650,290.9
28.7700,290.8
28.7750,290.8
28.7800,290.8
28.7850,290.9
28.7900,290.8
28.7950,290.8
28.8000,290.8
28.8050,290.9
28.8100,290.8
28.8150,290.8
28.8200,290.8
28.8250,290.9
28.8300,290.8
28.8350,290.8
28.8400,290.8
28.8450,290.8
28.8500,290.8
28.8550,290.9
28.8600,290.8
28.8650,290.8
28.8700,290.8
28.8750,290.9
28.8800,290.8
28.8850,290.8
28.8900,290.8
28.8950,290.8
28.9000,290.8
28.9050,290.8
28.9100,290.8
28.9150,290.8
28.9200,290.8
28.9250,290.8
28.9300,290.8
28.9350,290.8
28.9400,290.8
28.9450,290.8
28.9500,290.8
28.9550,290.8
28.9600,290.8
28.9650,290.8
28.9700,290.8
28.9750,290.8
28.9800,290.8
28.9850,290.8
28.9900,290.8
28.9950,290.8
29.0000,290.8
29.0050,290.8
29.0100,290.8
29.0150,290.8
29.0200,290.8
29.0250,290.8
29.0300,290.8
29.0350,290.8
29.0400,290.8
29.0450,290.8
29.0500,290.8
29.0550,290.8
29.0600,290.8
29.0650,290.8
29.0700,290.9
29.0750,290.8
29.0800,290.8
29.0850,290.8
29.0900,290.8
29.0950,290.8
29.1000,290.8
29.1050,290.8
29.1100,290.8
29.1150,290.8
29.1200,290.8
29.1250,290.8
29.1300,290.8
29.1350,290.8
29.1400,290.8
29.1450,290.8
29.1500,290.8
29.1550,290.8
29.1600,290.8
29.1650,290.8
29.1700,290.8
29.1750,290.8
29.1800,290.8
29.1850,290.8
29.1900,290.8
29.1950,290.8
29.2000,290.8
29.2050,290.8
29.2100,290.8
29.2150,290.8
29.2200,290.8
29.2250,290.8
29.2300,290.8
29.2350,290.8
29.2400,290.8
29.2450,290.8
29.2500,290.8
29.2550,290.8
29.2600,290.8
29.2650,290.8
29.2700,290.8
29.2750,290.8
29.2800,290.8
29.2850,290.8
29.2900,290.8
29.2950,290.8
29.3000,290.8
29.3050,290.8
29.3100,290.8
29.3150,290.8
29.3200,290.8
29.3250,290.8
29.3300,290.8
29.3350,290.8
29.3400,290.8
29.3450,290.8
29.3500,290.8
29.3550,290.8
29.3600,290.8
29.3650,290.8
29.3700,290.8
29.3750,290.8
29.3800,290.8
29.3850,290.8
29.3900,290.8
29.3950,290.8
29.4000,290.8
29.4050,290.8
29.4100,290.8
29.4150,290.8
29.4200,290.8
29.4250,290.8
29.4300,290.8
29.4350,290.8
29.4400,290.8
29.4450,290.8
29.4500,290.8
29.4550,290.8
29.4600,290.8
29.4650,290.8
29.4700,290.8
29.4750,290.8
29.4800,290.8
29.4850,290.8
29.4900,290.8
29.4950,290.8
29.5000,290.8
29.5050,290.8
29.5100,290.8
29.5150,290.8
29.5200,290.8
29.5250,290.8
29.5300,290.8
29.5350,290.8
29.5400,290.8
29.5450,290.8
29.5500,290.8
29.5550,290.8
29.5600,290.8
29.5650,290.8
29.5700,290.8
29.5750,290.8
29.5800,290.8
29.5850,290.8
29.5900,290.8
29.5950,290.8
29.6000,290.8
29.6050,290.8
29.6100,290.8
29.6150,290.8
29.6200,290.8
29.6250,290.8
29.6300,290.8
29.6350,290.8
29.6400,290.8
29.6450,290.8
29.6500,290.8
29.6550,290.8
29.6600,290.8
29.6650,290.8
29.6700,290.8
29.6750,290.8
29.6800,290.8
29.6850,290.8
29.6900,290.8
29.6950,290.8
29.7000,290.8
29.7050,290.8
29.7100,290.8
29.7150,290.8
29.7200,290.8
29.7250,290.8
29.7300,290.8
29.7350,290.8
29.7400,290.8
29.7450,290.8
29.7500,290.8
29.7550,290.8
29.7600,290.8
29.7650,290.8
29.7700,290.8
29.7750,290.8
29.7800,290.8
29.7850,290.8
29.7900,290.8
29.7950,290.8
29.8000,290.8
29.8050,290.8
29.8100,290.8
29.8150,290.8
29.8200,290.8
29.8250,290.8
29.8300,290.8
29.8350,290.8
29.8400,290.8
29.8450,290.8
29.8500,290.8
29.8550,290.8
29.8600,290.8
29.8650,290.8
29.8700,290.8
29.8750,290.8
29.8800,290.8
29.8850,290.8
29.8900,290.8
29.8950,290.8
29.9000,290.8
29.9050,290.8
29.9100,290.8
29.9150,290.8
29.9200,290.8
29.9250,290.8
29.9300,290.8
29.9350,290.8
29.9400,290.8
29.9450,290.8
29.9500,290.8
29.9550,290.8
29.9600,290.8
29.9650,290.8
29.9700,290.8
29.9750,290.8
29.9800,290.8
29.9850,290.8
29.9900,290.8
29.9950,290.8